district_number,district_name,year_number,month_number,month_period,total_incidents,total_victims
1D,ROCKVILLE,2016,7,2016-07,497,503.0
1D,ROCKVILLE,2016,8,2016-08,462,474.0
1D,ROCKVILLE,2016,9,2016-09,543,549.0
1D,ROCKVILLE,2016,10,2016-10,561,567.0
1D,ROCKVILLE,2016,11,2016-11,499,506.0
1D,ROCKVILLE,2016,12,2016-12,500,504.0
1D,ROCKVILLE,2017,1,2017-01,563,566.0
1D,ROCKVILLE,2017,2,2017-02,509,520.0
1D,ROCKVILLE,2017,3,2017-03,570,573.0
1D,ROCKVILLE,2017,4,2017-04,479,490.0
1D,ROCKVILLE,2017,5,2017-05,589,595.0
1D,ROCKVILLE,2017,6,2017-06,666,675.0
1D,ROCKVILLE,2017,7,2017-07,588,595.0
1D,ROCKVILLE,2017,8,2017-08,645,652.0
1D,ROCKVILLE,2017,9,2017-09,569,576.0
1D,ROCKVILLE,2017,10,2017-10,648,656.0
1D,ROCKVILLE,2017,11,2017-11,635,640.0
1D,ROCKVILLE,2017,12,2017-12,599,610.0
1D,ROCKVILLE,2018,1,2018-01,564,571.0
1D,ROCKVILLE,2018,2,2018-02,506,510.0
1D,ROCKVILLE,2018,3,2018-03,523,528.0
1D,ROCKVILLE,2018,4,2018-04,602,604.0
1D,ROCKVILLE,2018,5,2018-05,585,589.0
1D,ROCKVILLE,2018,6,2018-06,621,627.0
1D,ROCKVILLE,2018,7,2018-07,625,635.0
1D,ROCKVILLE,2018,8,2018-08,586,591.0
1D,ROCKVILLE,2018,9,2018-09,572,576.0
1D,ROCKVILLE,2018,10,2018-10,596,609.0
1D,ROCKVILLE,2018,11,2018-11,518,524.0
1D,ROCKVILLE,2018,12,2018-12,568,580.0
1D,ROCKVILLE,2019,1,2019-01,558,564.0
1D,ROCKVILLE,2019,2,2019-02,492,499.0
1D,ROCKVILLE,2019,3,2019-03,583,593.0
1D,ROCKVILLE,2019,4,2019-04,552,557.0
1D,ROCKVILLE,2019,5,2019-05,611,616.0
1D,ROCKVILLE,2019,6,2019-06,558,566.0
1D,ROCKVILLE,2019,7,2019-07,612,615.0
1D,ROCKVILLE,2019,8,2019-08,603,606.0
1D,ROCKVILLE,2019,9,2019-09,539,542.0
1D,ROCKVILLE,2019,10,2019-10,554,560.0
1D,ROCKVILLE,2019,11,2019-11,549,557.0
1D,ROCKVILLE,2019,12,2019-12,553,558.0
1D,ROCKVILLE,2020,1,2020-01,582,585.0
1D,ROCKVILLE,2020,2,2020-02,565,570.0
1D,ROCKVILLE,2020,3,2020-03,521,532.0
1D,ROCKVILLE,2020,4,2020-04,378,383.0
1D,ROCKVILLE,2020,5,2020-05,553,562.0
1D,ROCKVILLE,2020,6,2020-06,467,482.0
1D,ROCKVILLE,2020,7,2020-07,484,489.0
1D,ROCKVILLE,2020,8,2020-08,471,480.0
1D,ROCKVILLE,2020,9,2020-09,495,507.0
1D,ROCKVILLE,2020,10,2020-10,465,468.0
1D,ROCKVILLE,2020,11,2020-11,454,461.0
1D,ROCKVILLE,2020,12,2020-12,449,456.0
1D,ROCKVILLE,2021,1,2021-01,432,441.0
1D,ROCKVILLE,2021,2,2021-02,424,430.0
1D,ROCKVILLE,2021,3,2021-03,507,514.0
1D,ROCKVILLE,2021,4,2021-04,416,422.0
1D,ROCKVILLE,2021,5,2021-05,530,543.0
1D,ROCKVILLE,2021,6,2021-06,505,511.0
1D,ROCKVILLE,2021,7,2021-07,526,534.0
1D,ROCKVILLE,2021,8,2021-08,509,518.0
1D,ROCKVILLE,2021,9,2021-09,455,460.0
1D,ROCKVILLE,2021,10,2021-10,535,550.0
1D,ROCKVILLE,2021,11,2021-11,477,497.0
1D,ROCKVILLE,2021,12,2021-12,438,443.0
1D,ROCKVILLE,2022,1,2022-01,463,474.0
1D,ROCKVILLE,2022,2,2022-02,468,475.0
1D,ROCKVILLE,2022,3,2022-03,583,599.0
1D,ROCKVILLE,2022,4,2022-04,486,496.0
1D,ROCKVILLE,2022,5,2022-05,466,475.0
1D,ROCKVILLE,2022,6,2022-06,507,514.0
1D,ROCKVILLE,2022,7,2022-07,490,500.0
1D,ROCKVILLE,2022,8,2022-08,527,533.0
1D,ROCKVILLE,2022,9,2022-09,481,495.0
1D,ROCKVILLE,2022,10,2022-10,502,516.0
1D,ROCKVILLE,2022,11,2022-11,524,535.0
1D,ROCKVILLE,2022,12,2022-12,548,556.0
1D,ROCKVILLE,2023,1,2023-01,557,578.0
1D,ROCKVILLE,2023,2,2023-02,482,495.0
1D,ROCKVILLE,2023,3,2023-03,528,535.0
1D,ROCKVILLE,2023,4,2023-04,477,488.0
1D,ROCKVILLE,2023,5,2023-05,509,516.0
1D,ROCKVILLE,2023,6,2023-06,503,509.0
1D,ROCKVILLE,2023,7,2023-07,419,428.0
1D,ROCKVILLE,2023,8,2023-08,383,391.0
1D,ROCKVILLE,2023,9,2023-09,363,369.0
1D,ROCKVILLE,2023,10,2023-10,331,337.0
1D,ROCKVILLE,2023,11,2023-11,358,370.0
1D,ROCKVILLE,2023,12,2023-12,324,334.0
1D,ROCKVILLE,2024,1,2024-01,355,369.0
1D,ROCKVILLE,2024,2,2024-02,353,364.0
1D,ROCKVILLE,2024,3,2024-03,546,554.0
1D,ROCKVILLE,2024,4,2024-04,568,582.0
1D,ROCKVILLE,2024,5,2024-05,582,591.0
1D,ROCKVILLE,2024,6,2024-06,500,505.0
1D,ROCKVILLE,2024,7,2024-07,509,519.0
1D,ROCKVILLE,2024,8,2024-08,523,535.0
1D,ROCKVILLE,2024,9,2024-09,580,586.0
1D,ROCKVILLE,2024,10,2024-10,553,559.0
1D,ROCKVILLE,2024,11,2024-11,511,516.0
1D,ROCKVILLE,2024,12,2024-12,495,496.0
1D,ROCKVILLE,2025,1,2025-01,452,456.0
1D,ROCKVILLE,2025,2,2025-02,411,417.0
1D,ROCKVILLE,2025,3,2025-03,538,546.0
1D,ROCKVILLE,2025,4,2025-04,577,586.0
1D,ROCKVILLE,2025,5,2025-05,485,495.0
1D,ROCKVILLE,2025,6,2025-06,492,509.0
1D,ROCKVILLE,2025,7,2025-07,458,463.0
1D,ROCKVILLE,2025,8,2025-08,517,524.0
1D,ROCKVILLE,2025,9,2025-09,505,518.0
1D,ROCKVILLE,2025,10,2025-10,485,486.0
1D,ROCKVILLE,2025,11,2025-11,553,565.0
1D,ROCKVILLE,2025,12,2025-12,551,560.0
1D,ROCKVILLE,2026,1,2026-01,592,603.0
1D,ROCKVILLE,2026,2,2026-02,566,574.0
1D,ROCKVILLE,2026,3,2026-03,586,594.0
1D,ROCKVILLE,2026,4,2026-04,452,462.0
1D,ROCKVILLE,2026,5,2026-05,586,598.0
1D,ROCKVILLE,2026,6,2026-06,508,514.0
1D,ROCKVILLE,2026,7,2026-07,61,67.0
2D,BETHESDA,2016,7,2016-07,518,525.0
2D,BETHESDA,2016,8,2016-08,568,572.0
2D,BETHESDA,2016,9,2016-09,571,577.0
2D,BETHESDA,2016,10,2016-10,500,506.0
2D,BETHESDA,2016,11,2016-11,502,507.0
2D,BETHESDA,2016,12,2016-12,633,643.0
2D,BETHESDA,2017,1,2017-01,573,578.0
2D,BETHESDA,2017,2,2017-02,519,527.0
2D,BETHESDA,2017,3,2017-03,556,559.0
2D,BETHESDA,2017,4,2017-04,600,608.0
2D,BETHESDA,2017,5,2017-05,575,577.0
2D,BETHESDA,2017,6,2017-06,593,600.0
2D,BETHESDA,2017,7,2017-07,581,590.0
2D,BETHESDA,2017,8,2017-08,590,600.0
2D,BETHESDA,2017,9,2017-09,575,581.0
2D,BETHESDA,2017,10,2017-10,535,538.0
2D,BETHESDA,2017,11,2017-11,544,550.0
2D,BETHESDA,2017,12,2017-12,563,565.0
2D,BETHESDA,2018,1,2018-01,531,532.0
2D,BETHESDA,2018,2,2018-02,516,523.0
2D,BETHESDA,2018,3,2018-03,502,503.0
2D,BETHESDA,2018,4,2018-04,566,571.0
2D,BETHESDA,2018,5,2018-05,570,577.0
2D,BETHESDA,2018,6,2018-06,606,611.0
2D,BETHESDA,2018,7,2018-07,573,576.0
2D,BETHESDA,2018,8,2018-08,595,605.0
2D,BETHESDA,2018,9,2018-09,562,567.0
2D,BETHESDA,2018,10,2018-10,576,583.0
2D,BETHESDA,2018,11,2018-11,606,619.0
2D,BETHESDA,2018,12,2018-12,617,622.0
2D,BETHESDA,2019,1,2019-01,605,608.0
2D,BETHESDA,2019,2,2019-02,481,482.0
2D,BETHESDA,2019,3,2019-03,624,631.0
2D,BETHESDA,2019,4,2019-04,637,645.0
2D,BETHESDA,2019,5,2019-05,579,584.0
2D,BETHESDA,2019,6,2019-06,542,548.0
2D,BETHESDA,2019,7,2019-07,537,550.0
2D,BETHESDA,2019,8,2019-08,550,554.0
2D,BETHESDA,2019,9,2019-09,520,523.0
2D,BETHESDA,2019,10,2019-10,562,569.0
2D,BETHESDA,2019,11,2019-11,593,602.0
2D,BETHESDA,2019,12,2019-12,589,594.0
2D,BETHESDA,2020,1,2020-01,541,548.0
2D,BETHESDA,2020,2,2020-02,520,526.0
2D,BETHESDA,2020,3,2020-03,432,441.0
2D,BETHESDA,2020,4,2020-04,358,361.0
2D,BETHESDA,2020,5,2020-05,474,482.0
2D,BETHESDA,2020,6,2020-06,516,520.0
2D,BETHESDA,2020,7,2020-07,535,539.0
2D,BETHESDA,2020,8,2020-08,513,514.0
2D,BETHESDA,2020,9,2020-09,542,546.0
2D,BETHESDA,2020,10,2020-10,545,551.0
2D,BETHESDA,2020,11,2020-11,480,485.0
2D,BETHESDA,2020,12,2020-12,552,558.0
2D,BETHESDA,2021,1,2021-01,501,503.0
2D,BETHESDA,2021,2,2021-02,432,437.0
2D,BETHESDA,2021,3,2021-03,507,513.0
2D,BETHESDA,2021,4,2021-04,460,462.0
2D,BETHESDA,2021,5,2021-05,545,548.0
2D,BETHESDA,2021,6,2021-06,569,582.0
2D,BETHESDA,2021,7,2021-07,548,556.0
2D,BETHESDA,2021,8,2021-08,499,503.0
2D,BETHESDA,2021,9,2021-09,562,569.0
2D,BETHESDA,2021,10,2021-10,634,642.0
2D,BETHESDA,2021,11,2021-11,541,551.0
2D,BETHESDA,2021,12,2021-12,581,596.0
2D,BETHESDA,2022,1,2022-01,560,569.0
2D,BETHESDA,2022,2,2022-02,534,543.0
2D,BETHESDA,2022,3,2022-03,627,636.0
2D,BETHESDA,2022,4,2022-04,563,564.0
2D,BETHESDA,2022,5,2022-05,573,584.0
2D,BETHESDA,2022,6,2022-06,595,604.0
2D,BETHESDA,2022,7,2022-07,559,564.0
2D,BETHESDA,2022,8,2022-08,608,621.0
2D,BETHESDA,2022,9,2022-09,556,560.0
2D,BETHESDA,2022,10,2022-10,648,652.0
2D,BETHESDA,2022,11,2022-11,540,551.0
2D,BETHESDA,2022,12,2022-12,541,555.0
2D,BETHESDA,2023,1,2023-01,593,603.0
2D,BETHESDA,2023,2,2023-02,584,594.0
2D,BETHESDA,2023,3,2023-03,542,552.0
2D,BETHESDA,2023,4,2023-04,623,626.0
2D,BETHESDA,2023,5,2023-05,623,639.0
2D,BETHESDA,2023,6,2023-06,573,581.0
2D,BETHESDA,2023,7,2023-07,468,474.0
2D,BETHESDA,2023,8,2023-08,405,420.0
2D,BETHESDA,2023,9,2023-09,422,439.0
2D,BETHESDA,2023,10,2023-10,474,484.0
2D,BETHESDA,2023,11,2023-11,440,448.0
2D,BETHESDA,2023,12,2023-12,430,440.0
2D,BETHESDA,2024,1,2024-01,419,428.0
2D,BETHESDA,2024,2,2024-02,424,439.0
2D,BETHESDA,2024,3,2024-03,608,616.0
2D,BETHESDA,2024,4,2024-04,551,559.0
2D,BETHESDA,2024,5,2024-05,624,629.0
2D,BETHESDA,2024,6,2024-06,586,594.0
2D,BETHESDA,2024,7,2024-07,588,594.0
2D,BETHESDA,2024,8,2024-08,558,571.0
2D,BETHESDA,2024,9,2024-09,607,612.0
2D,BETHESDA,2024,10,2024-10,593,596.0
2D,BETHESDA,2024,11,2024-11,577,586.0
2D,BETHESDA,2024,12,2024-12,630,636.0
2D,BETHESDA,2025,1,2025-01,628,636.0
2D,BETHESDA,2025,2,2025-02,591,601.0
2D,BETHESDA,2025,3,2025-03,639,661.0
2D,BETHESDA,2025,4,2025-04,530,536.0
2D,BETHESDA,2025,5,2025-05,638,649.0
2D,BETHESDA,2025,6,2025-06,583,598.0
2D,BETHESDA,2025,7,2025-07,578,591.0
2D,BETHESDA,2025,8,2025-08,626,632.0
2D,BETHESDA,2025,9,2025-09,609,617.0
2D,BETHESDA,2025,10,2025-10,577,586.0
2D,BETHESDA,2025,11,2025-11,560,562.0
2D,BETHESDA,2025,12,2025-12,610,625.0
2D,BETHESDA,2026,1,2026-01,567,576.0
2D,BETHESDA,2026,2,2026-02,513,524.0
2D,BETHESDA,2026,3,2026-03,530,543.0
2D,BETHESDA,2026,4,2026-04,483,494.0
2D,BETHESDA,2026,5,2026-05,610,621.0
2D,BETHESDA,2026,6,2026-06,452,459.0
2D,BETHESDA,2026,7,2026-07,69,71.0
3D,SILVER SPRING,2016,7,2016-07,856,885.0
3D,SILVER SPRING,2016,8,2016-08,887,899.0
3D,SILVER SPRING,2016,9,2016-09,835,843.0
3D,SILVER SPRING,2016,10,2016-10,836,851.0
3D,SILVER SPRING,2016,11,2016-11,841,851.0
3D,SILVER SPRING,2016,12,2016-12,830,849.0
3D,SILVER SPRING,2017,1,2017-01,846,860.0
3D,SILVER SPRING,2017,2,2017-02,809,823.0
3D,SILVER SPRING,2017,3,2017-03,766,783.0
3D,SILVER SPRING,2017,4,2017-04,850,869.0
3D,SILVER SPRING,2017,5,2017-05,982,986.0
3D,SILVER SPRING,2017,6,2017-06,879,894.0
3D,SILVER SPRING,2017,7,2017-07,843,859.0
3D,SILVER SPRING,2017,8,2017-08,982,996.0
3D,SILVER SPRING,2017,9,2017-09,972,980.0
3D,SILVER SPRING,2017,10,2017-10,972,980.0
3D,SILVER SPRING,2017,11,2017-11,894,903.0
3D,SILVER SPRING,2017,12,2017-12,932,941.0
3D,SILVER SPRING,2018,1,2018-01,948,965.0
3D,SILVER SPRING,2018,2,2018-02,873,886.0
3D,SILVER SPRING,2018,3,2018-03,848,862.0
3D,SILVER SPRING,2018,4,2018-04,874,895.0
3D,SILVER SPRING,2018,5,2018-05,777,801.0
3D,SILVER SPRING,2018,6,2018-06,841,855.0
3D,SILVER SPRING,2018,7,2018-07,904,913.0
3D,SILVER SPRING,2018,8,2018-08,900,914.0
3D,SILVER SPRING,2018,9,2018-09,882,898.0
3D,SILVER SPRING,2018,10,2018-10,920,935.0
3D,SILVER SPRING,2018,11,2018-11,773,788.0
3D,SILVER SPRING,2018,12,2018-12,807,819.0
3D,SILVER SPRING,2019,1,2019-01,787,806.0
3D,SILVER SPRING,2019,2,2019-02,776,790.0
3D,SILVER SPRING,2019,3,2019-03,886,902.0
3D,SILVER SPRING,2019,4,2019-04,881,897.0
3D,SILVER SPRING,2019,5,2019-05,962,975.0
3D,SILVER SPRING,2019,6,2019-06,840,860.0
3D,SILVER SPRING,2019,7,2019-07,930,939.0
3D,SILVER SPRING,2019,8,2019-08,826,841.0
3D,SILVER SPRING,2019,9,2019-09,837,858.0
3D,SILVER SPRING,2019,10,2019-10,977,988.0
3D,SILVER SPRING,2019,11,2019-11,860,872.0
3D,SILVER SPRING,2019,12,2019-12,836,843.0
3D,SILVER SPRING,2020,1,2020-01,870,888.0
3D,SILVER SPRING,2020,2,2020-02,739,750.0
3D,SILVER SPRING,2020,3,2020-03,736,752.0
3D,SILVER SPRING,2020,4,2020-04,577,581.0
3D,SILVER SPRING,2020,5,2020-05,645,654.0
3D,SILVER SPRING,2020,6,2020-06,627,640.0
3D,SILVER SPRING,2020,7,2020-07,693,704.0
3D,SILVER SPRING,2020,8,2020-08,642,659.0
3D,SILVER SPRING,2020,9,2020-09,674,686.0
3D,SILVER SPRING,2020,10,2020-10,704,713.0
3D,SILVER SPRING,2020,11,2020-11,641,660.0
3D,SILVER SPRING,2020,12,2020-12,668,679.0
3D,SILVER SPRING,2021,1,2021-01,636,650.0
3D,SILVER SPRING,2021,2,2021-02,550,564.0
3D,SILVER SPRING,2021,3,2021-03,725,741.0
3D,SILVER SPRING,2021,4,2021-04,627,651.0
3D,SILVER SPRING,2021,5,2021-05,643,651.0
3D,SILVER SPRING,2021,6,2021-06,708,725.0
3D,SILVER SPRING,2021,7,2021-07,712,736.0
3D,SILVER SPRING,2021,8,2021-08,663,676.0
3D,SILVER SPRING,2021,9,2021-09,697,722.0
3D,SILVER SPRING,2021,10,2021-10,777,799.0
3D,SILVER SPRING,2021,11,2021-11,744,763.0
3D,SILVER SPRING,2021,12,2021-12,747,763.0
3D,SILVER SPRING,2022,1,2022-01,633,652.0
3D,SILVER SPRING,2022,2,2022-02,698,721.0
3D,SILVER SPRING,2022,3,2022-03,786,796.0
3D,SILVER SPRING,2022,4,2022-04,686,705.0
3D,SILVER SPRING,2022,5,2022-05,778,800.0
3D,SILVER SPRING,2022,6,2022-06,759,780.0
3D,SILVER SPRING,2022,7,2022-07,773,788.0
3D,SILVER SPRING,2022,8,2022-08,787,799.0
3D,SILVER SPRING,2022,9,2022-09,846,857.0
3D,SILVER SPRING,2022,10,2022-10,795,820.0
3D,SILVER SPRING,2022,11,2022-11,764,779.0
3D,SILVER SPRING,2022,12,2022-12,851,874.0
3D,SILVER SPRING,2023,1,2023-01,886,917.0
3D,SILVER SPRING,2023,2,2023-02,827,847.0
3D,SILVER SPRING,2023,3,2023-03,885,909.0
3D,SILVER SPRING,2023,4,2023-04,886,904.0
3D,SILVER SPRING,2023,5,2023-05,900,922.0
3D,SILVER SPRING,2023,6,2023-06,809,828.0
3D,SILVER SPRING,2023,7,2023-07,845,860.0
3D,SILVER SPRING,2023,8,2023-08,633,645.0
3D,SILVER SPRING,2023,9,2023-09,635,661.0
3D,SILVER SPRING,2023,10,2023-10,765,792.0
3D,SILVER SPRING,2023,11,2023-11,638,647.0
3D,SILVER SPRING,2023,12,2023-12,673,702.0
3D,SILVER SPRING,2024,1,2024-01,603,629.0
3D,SILVER SPRING,2024,2,2024-02,637,659.0
3D,SILVER SPRING,2024,3,2024-03,737,752.0
3D,SILVER SPRING,2024,4,2024-04,747,768.0
3D,SILVER SPRING,2024,5,2024-05,849,874.0
3D,SILVER SPRING,2024,6,2024-06,827,847.0
3D,SILVER SPRING,2024,7,2024-07,838,863.0
3D,SILVER SPRING,2024,8,2024-08,781,795.0
3D,SILVER SPRING,2024,9,2024-09,808,835.0
3D,SILVER SPRING,2024,10,2024-10,900,923.0
3D,SILVER SPRING,2024,11,2024-11,841,856.0
3D,SILVER SPRING,2024,12,2024-12,747,766.0
3D,SILVER SPRING,2025,1,2025-01,729,737.0
3D,SILVER SPRING,2025,2,2025-02,692,709.0
3D,SILVER SPRING,2025,3,2025-03,822,833.0
3D,SILVER SPRING,2025,4,2025-04,800,823.0
3D,SILVER SPRING,2025,5,2025-05,832,849.0
3D,SILVER SPRING,2025,6,2025-06,764,783.0
3D,SILVER SPRING,2025,7,2025-07,792,818.0
3D,SILVER SPRING,2025,8,2025-08,804,821.0
3D,SILVER SPRING,2025,9,2025-09,770,788.0
3D,SILVER SPRING,2025,10,2025-10,797,812.0
3D,SILVER SPRING,2025,11,2025-11,670,689.0
3D,SILVER SPRING,2025,12,2025-12,766,779.0
3D,SILVER SPRING,2026,1,2026-01,731,748.0
3D,SILVER SPRING,2026,2,2026-02,620,640.0
3D,SILVER SPRING,2026,3,2026-03,702,729.0
3D,SILVER SPRING,2026,4,2026-04,680,694.0
3D,SILVER SPRING,2026,5,2026-05,770,783.0
3D,SILVER SPRING,2026,6,2026-06,657,675.0
3D,SILVER SPRING,2026,7,2026-07,64,64.0
4D,WHEATON,2016,7,2016-07,801,814.0
4D,WHEATON,2016,8,2016-08,805,820.0
4D,WHEATON,2016,9,2016-09,808,822.0
4D,WHEATON,2016,10,2016-10,761,779.0
4D,WHEATON,2016,11,2016-11,710,716.0
4D,WHEATON,2016,12,2016-12,795,810.0
4D,WHEATON,2017,1,2017-01,852,863.0
4D,WHEATON,2017,2,2017-02,746,751.0
4D,WHEATON,2017,3,2017-03,862,882.0
4D,WHEATON,2017,4,2017-04,763,779.0
4D,WHEATON,2017,5,2017-05,850,868.0
4D,WHEATON,2017,6,2017-06,823,842.0
4D,WHEATON,2017,7,2017-07,851,866.0
4D,WHEATON,2017,8,2017-08,875,895.0
4D,WHEATON,2017,9,2017-09,820,833.0
4D,WHEATON,2017,10,2017-10,881,899.0
4D,WHEATON,2017,11,2017-11,817,830.0
4D,WHEATON,2017,12,2017-12,816,827.0
4D,WHEATON,2018,1,2018-01,796,809.0
4D,WHEATON,2018,2,2018-02,745,750.0
4D,WHEATON,2018,3,2018-03,808,818.0
4D,WHEATON,2018,4,2018-04,803,815.0
4D,WHEATON,2018,5,2018-05,867,879.0
4D,WHEATON,2018,6,2018-06,915,938.0
4D,WHEATON,2018,7,2018-07,886,909.0
4D,WHEATON,2018,8,2018-08,807,820.0
4D,WHEATON,2018,9,2018-09,777,793.0
4D,WHEATON,2018,10,2018-10,802,814.0
4D,WHEATON,2018,11,2018-11,785,804.0
4D,WHEATON,2018,12,2018-12,727,756.0
4D,WHEATON,2019,1,2019-01,702,715.0
4D,WHEATON,2019,2,2019-02,647,661.0
4D,WHEATON,2019,3,2019-03,794,813.0
4D,WHEATON,2019,4,2019-04,746,756.0
4D,WHEATON,2019,5,2019-05,792,815.0
4D,WHEATON,2019,6,2019-06,787,798.0
4D,WHEATON,2019,7,2019-07,787,794.0
4D,WHEATON,2019,8,2019-08,723,737.0
4D,WHEATON,2019,9,2019-09,776,795.0
4D,WHEATON,2019,10,2019-10,788,805.0
4D,WHEATON,2019,11,2019-11,800,814.0
4D,WHEATON,2019,12,2019-12,763,778.0
4D,WHEATON,2020,1,2020-01,796,807.0
4D,WHEATON,2020,2,2020-02,729,744.0
4D,WHEATON,2020,3,2020-03,709,721.0
4D,WHEATON,2020,4,2020-04,461,468.0
4D,WHEATON,2020,5,2020-05,618,637.0
4D,WHEATON,2020,6,2020-06,504,515.0
4D,WHEATON,2020,7,2020-07,602,611.0
4D,WHEATON,2020,8,2020-08,569,586.0
4D,WHEATON,2020,9,2020-09,628,640.0
4D,WHEATON,2020,10,2020-10,624,633.0
4D,WHEATON,2020,11,2020-11,608,626.0
4D,WHEATON,2020,12,2020-12,608,619.0
4D,WHEATON,2021,1,2021-01,564,578.0
4D,WHEATON,2021,2,2021-02,507,519.0
4D,WHEATON,2021,3,2021-03,624,642.0
4D,WHEATON,2021,4,2021-04,534,541.0
4D,WHEATON,2021,5,2021-05,616,627.0
4D,WHEATON,2021,6,2021-06,623,633.0
4D,WHEATON,2021,7,2021-07,604,617.0
4D,WHEATON,2021,8,2021-08,551,567.0
4D,WHEATON,2021,9,2021-09,605,613.0
4D,WHEATON,2021,10,2021-10,641,655.0
4D,WHEATON,2021,11,2021-11,599,617.0
4D,WHEATON,2021,12,2021-12,680,693.0
4D,WHEATON,2022,1,2022-01,672,679.0
4D,WHEATON,2022,2,2022-02,614,622.0
4D,WHEATON,2022,3,2022-03,674,685.0
4D,WHEATON,2022,4,2022-04,603,616.0
4D,WHEATON,2022,5,2022-05,610,626.0
4D,WHEATON,2022,6,2022-06,616,624.0
4D,WHEATON,2022,7,2022-07,602,613.0
4D,WHEATON,2022,8,2022-08,658,684.0
4D,WHEATON,2022,9,2022-09,728,758.0
4D,WHEATON,2022,10,2022-10,702,720.0
4D,WHEATON,2022,11,2022-11,685,704.0
4D,WHEATON,2022,12,2022-12,727,744.0
4D,WHEATON,2023,1,2023-01,734,751.0
4D,WHEATON,2023,2,2023-02,745,767.0
4D,WHEATON,2023,3,2023-03,880,894.0
4D,WHEATON,2023,4,2023-04,772,791.0
4D,WHEATON,2023,5,2023-05,764,784.0
4D,WHEATON,2023,6,2023-06,677,698.0
4D,WHEATON,2023,7,2023-07,667,684.0
4D,WHEATON,2023,8,2023-08,552,567.0
4D,WHEATON,2023,9,2023-09,494,514.0
4D,WHEATON,2023,10,2023-10,547,562.0
4D,WHEATON,2023,11,2023-11,664,677.0
4D,WHEATON,2023,12,2023-12,570,585.0
4D,WHEATON,2024,1,2024-01,625,640.0
4D,WHEATON,2024,2,2024-02,664,684.0
4D,WHEATON,2024,3,2024-03,755,776.0
4D,WHEATON,2024,4,2024-04,751,781.0
4D,WHEATON,2024,5,2024-05,782,800.0
4D,WHEATON,2024,6,2024-06,677,695.0
4D,WHEATON,2024,7,2024-07,758,772.0
4D,WHEATON,2024,8,2024-08,754,769.0
4D,WHEATON,2024,9,2024-09,782,803.0
4D,WHEATON,2024,10,2024-10,846,861.0
4D,WHEATON,2024,11,2024-11,739,751.0
4D,WHEATON,2024,12,2024-12,716,730.0
4D,WHEATON,2025,1,2025-01,618,635.0
4D,WHEATON,2025,2,2025-02,580,594.0
4D,WHEATON,2025,3,2025-03,683,693.0
4D,WHEATON,2025,4,2025-04,617,626.0
4D,WHEATON,2025,5,2025-05,652,683.0
4D,WHEATON,2025,6,2025-06,640,653.0
4D,WHEATON,2025,7,2025-07,661,678.0
4D,WHEATON,2025,8,2025-08,629,645.0
4D,WHEATON,2025,9,2025-09,645,653.0
4D,WHEATON,2025,10,2025-10,627,644.0
4D,WHEATON,2025,11,2025-11,580,601.0
4D,WHEATON,2025,12,2025-12,570,582.0
4D,WHEATON,2026,1,2026-01,641,651.0
4D,WHEATON,2026,2,2026-02,533,542.0
4D,WHEATON,2026,3,2026-03,568,574.0
4D,WHEATON,2026,4,2026-04,523,536.0
4D,WHEATON,2026,5,2026-05,677,682.0
4D,WHEATON,2026,6,2026-06,519,533.0
4D,WHEATON,2026,7,2026-07,53,53.0
5D,GERMANTOWN,2016,7,2016-07,462,476.0
5D,GERMANTOWN,2016,8,2016-08,493,507.0
5D,GERMANTOWN,2016,9,2016-09,488,502.0
5D,GERMANTOWN,2016,10,2016-10,511,537.0
5D,GERMANTOWN,2016,11,2016-11,447,450.0
5D,GERMANTOWN,2016,12,2016-12,606,619.0
5D,GERMANTOWN,2017,1,2017-01,486,501.0
5D,GERMANTOWN,2017,2,2017-02,506,512.0
5D,GERMANTOWN,2017,3,2017-03,498,508.0
5D,GERMANTOWN,2017,4,2017-04,422,431.0
5D,GERMANTOWN,2017,5,2017-05,529,540.0
5D,GERMANTOWN,2017,6,2017-06,559,575.0
5D,GERMANTOWN,2017,7,2017-07,554,562.0
5D,GERMANTOWN,2017,8,2017-08,533,546.0
5D,GERMANTOWN,2017,9,2017-09,603,607.0
5D,GERMANTOWN,2017,10,2017-10,663,679.0
5D,GERMANTOWN,2017,11,2017-11,603,623.0
5D,GERMANTOWN,2017,12,2017-12,467,477.0
5D,GERMANTOWN,2018,1,2018-01,504,525.0
5D,GERMANTOWN,2018,2,2018-02,477,486.0
5D,GERMANTOWN,2018,3,2018-03,474,484.0
5D,GERMANTOWN,2018,4,2018-04,608,622.0
5D,GERMANTOWN,2018,5,2018-05,633,644.0
5D,GERMANTOWN,2018,6,2018-06,596,612.0
5D,GERMANTOWN,2018,7,2018-07,593,615.0
5D,GERMANTOWN,2018,8,2018-08,521,532.0
5D,GERMANTOWN,2018,9,2018-09,529,548.0
5D,GERMANTOWN,2018,10,2018-10,577,592.0
5D,GERMANTOWN,2018,11,2018-11,539,559.0
5D,GERMANTOWN,2018,12,2018-12,544,563.0
5D,GERMANTOWN,2019,1,2019-01,477,491.0
5D,GERMANTOWN,2019,2,2019-02,475,494.0
5D,GERMANTOWN,2019,3,2019-03,515,529.0
5D,GERMANTOWN,2019,4,2019-04,529,545.0
5D,GERMANTOWN,2019,5,2019-05,518,536.0
5D,GERMANTOWN,2019,6,2019-06,468,486.0
5D,GERMANTOWN,2019,7,2019-07,497,516.0
5D,GERMANTOWN,2019,8,2019-08,469,482.0
5D,GERMANTOWN,2019,9,2019-09,486,494.0
5D,GERMANTOWN,2019,10,2019-10,469,484.0
5D,GERMANTOWN,2019,11,2019-11,452,462.0
5D,GERMANTOWN,2019,12,2019-12,471,485.0
5D,GERMANTOWN,2020,1,2020-01,489,504.0
5D,GERMANTOWN,2020,2,2020-02,496,509.0
5D,GERMANTOWN,2020,3,2020-03,463,472.0
5D,GERMANTOWN,2020,4,2020-04,350,357.0
5D,GERMANTOWN,2020,5,2020-05,395,415.0
5D,GERMANTOWN,2020,6,2020-06,426,433.0
5D,GERMANTOWN,2020,7,2020-07,461,479.0
5D,GERMANTOWN,2020,8,2020-08,463,473.0
5D,GERMANTOWN,2020,9,2020-09,449,464.0
5D,GERMANTOWN,2020,10,2020-10,460,467.0
5D,GERMANTOWN,2020,11,2020-11,450,461.0
5D,GERMANTOWN,2020,12,2020-12,447,473.0
5D,GERMANTOWN,2021,1,2021-01,444,455.0
5D,GERMANTOWN,2021,2,2021-02,388,398.0
5D,GERMANTOWN,2021,3,2021-03,437,447.0
5D,GERMANTOWN,2021,4,2021-04,427,443.0
5D,GERMANTOWN,2021,5,2021-05,500,514.0
5D,GERMANTOWN,2021,6,2021-06,465,477.0
5D,GERMANTOWN,2021,7,2021-07,495,511.0
5D,GERMANTOWN,2021,8,2021-08,429,435.0
5D,GERMANTOWN,2021,9,2021-09,495,513.0
5D,GERMANTOWN,2021,10,2021-10,543,553.0
5D,GERMANTOWN,2021,11,2021-11,467,474.0
5D,GERMANTOWN,2021,12,2021-12,471,492.0
5D,GERMANTOWN,2022,1,2022-01,394,408.0
5D,GERMANTOWN,2022,2,2022-02,429,441.0
5D,GERMANTOWN,2022,3,2022-03,527,556.0
5D,GERMANTOWN,2022,4,2022-04,498,519.0
5D,GERMANTOWN,2022,5,2022-05,527,550.0
5D,GERMANTOWN,2022,6,2022-06,500,520.0
5D,GERMANTOWN,2022,7,2022-07,459,464.0
5D,GERMANTOWN,2022,8,2022-08,441,458.0
5D,GERMANTOWN,2022,9,2022-09,472,479.0
5D,GERMANTOWN,2022,10,2022-10,511,523.0
5D,GERMANTOWN,2022,11,2022-11,499,513.0
5D,GERMANTOWN,2022,12,2022-12,479,504.0
5D,GERMANTOWN,2023,1,2023-01,475,490.0
5D,GERMANTOWN,2023,2,2023-02,428,436.0
5D,GERMANTOWN,2023,3,2023-03,490,506.0
5D,GERMANTOWN,2023,4,2023-04,499,530.0
5D,GERMANTOWN,2023,5,2023-05,539,558.0
5D,GERMANTOWN,2023,6,2023-06,519,535.0
5D,GERMANTOWN,2023,7,2023-07,431,448.0
5D,GERMANTOWN,2023,8,2023-08,385,404.0
5D,GERMANTOWN,2023,9,2023-09,309,318.0
5D,GERMANTOWN,2023,10,2023-10,410,427.0
5D,GERMANTOWN,2023,11,2023-11,403,426.0
5D,GERMANTOWN,2023,12,2023-12,376,395.0
5D,GERMANTOWN,2024,1,2024-01,357,371.0
5D,GERMANTOWN,2024,2,2024-02,368,393.0
5D,GERMANTOWN,2024,3,2024-03,445,461.0
5D,GERMANTOWN,2024,4,2024-04,531,548.0
5D,GERMANTOWN,2024,5,2024-05,599,620.0
5D,GERMANTOWN,2024,6,2024-06,475,497.0
5D,GERMANTOWN,2024,7,2024-07,428,442.0
5D,GERMANTOWN,2024,8,2024-08,500,511.0
5D,GERMANTOWN,2024,9,2024-09,496,505.0
5D,GERMANTOWN,2024,10,2024-10,483,504.0
5D,GERMANTOWN,2024,11,2024-11,408,421.0
5D,GERMANTOWN,2024,12,2024-12,463,478.0
5D,GERMANTOWN,2025,1,2025-01,447,455.0
5D,GERMANTOWN,2025,2,2025-02,384,394.0
5D,GERMANTOWN,2025,3,2025-03,492,509.0
5D,GERMANTOWN,2025,4,2025-04,483,498.0
5D,GERMANTOWN,2025,5,2025-05,540,570.0
5D,GERMANTOWN,2025,6,2025-06,496,511.0
5D,GERMANTOWN,2025,7,2025-07,434,456.0
5D,GERMANTOWN,2025,8,2025-08,550,570.0
5D,GERMANTOWN,2025,9,2025-09,507,520.0
5D,GERMANTOWN,2025,10,2025-10,462,473.0
5D,GERMANTOWN,2025,11,2025-11,437,461.0
5D,GERMANTOWN,2025,12,2025-12,462,479.0
5D,GERMANTOWN,2026,1,2026-01,422,429.0
5D,GERMANTOWN,2026,2,2026-02,402,411.0
5D,GERMANTOWN,2026,3,2026-03,444,460.0
5D,GERMANTOWN,2026,4,2026-04,381,394.0
5D,GERMANTOWN,2026,5,2026-05,457,481.0
5D,GERMANTOWN,2026,6,2026-06,395,413.0
5D,GERMANTOWN,2026,7,2026-07,38,42.0
6D,MONTGOMERY VILLAGE,2016,7,2016-07,739,763.0
6D,MONTGOMERY VILLAGE,2016,8,2016-08,753,767.0
6D,MONTGOMERY VILLAGE,2016,9,2016-09,756,778.0
6D,MONTGOMERY VILLAGE,2016,10,2016-10,738,760.0
6D,MONTGOMERY VILLAGE,2016,11,2016-11,660,668.0
6D,MONTGOMERY VILLAGE,2016,12,2016-12,680,702.0
6D,MONTGOMERY VILLAGE,2017,1,2017-01,628,644.0
6D,MONTGOMERY VILLAGE,2017,2,2017-02,638,643.0
6D,MONTGOMERY VILLAGE,2017,3,2017-03,671,678.0
6D,MONTGOMERY VILLAGE,2017,4,2017-04,637,655.0
6D,MONTGOMERY VILLAGE,2017,5,2017-05,797,812.0
6D,MONTGOMERY VILLAGE,2017,6,2017-06,689,705.0
6D,MONTGOMERY VILLAGE,2017,7,2017-07,754,770.0
6D,MONTGOMERY VILLAGE,2017,8,2017-08,757,779.0
6D,MONTGOMERY VILLAGE,2017,9,2017-09,779,794.0
6D,MONTGOMERY VILLAGE,2017,10,2017-10,741,759.0
6D,MONTGOMERY VILLAGE,2017,11,2017-11,759,774.0
6D,MONTGOMERY VILLAGE,2017,12,2017-12,733,750.0
6D,MONTGOMERY VILLAGE,2018,1,2018-01,634,642.0
6D,MONTGOMERY VILLAGE,2018,2,2018-02,675,683.0
6D,MONTGOMERY VILLAGE,2018,3,2018-03,668,678.0
6D,MONTGOMERY VILLAGE,2018,4,2018-04,674,687.0
6D,MONTGOMERY VILLAGE,2018,5,2018-05,719,732.0
6D,MONTGOMERY VILLAGE,2018,6,2018-06,613,622.0
6D,MONTGOMERY VILLAGE,2018,7,2018-07,720,734.0
6D,MONTGOMERY VILLAGE,2018,8,2018-08,749,773.0
6D,MONTGOMERY VILLAGE,2018,9,2018-09,642,655.0
6D,MONTGOMERY VILLAGE,2018,10,2018-10,722,738.0
6D,MONTGOMERY VILLAGE,2018,11,2018-11,680,691.0
6D,MONTGOMERY VILLAGE,2018,12,2018-12,691,707.0
6D,MONTGOMERY VILLAGE,2019,1,2019-01,572,584.0
6D,MONTGOMERY VILLAGE,2019,2,2019-02,547,561.0
6D,MONTGOMERY VILLAGE,2019,3,2019-03,677,690.0
6D,MONTGOMERY VILLAGE,2019,4,2019-04,680,690.0
6D,MONTGOMERY VILLAGE,2019,5,2019-05,741,750.0
6D,MONTGOMERY VILLAGE,2019,6,2019-06,671,682.0
6D,MONTGOMERY VILLAGE,2019,7,2019-07,715,728.0
6D,MONTGOMERY VILLAGE,2019,8,2019-08,760,773.0
6D,MONTGOMERY VILLAGE,2019,9,2019-09,696,720.0
6D,MONTGOMERY VILLAGE,2019,10,2019-10,699,714.0
6D,MONTGOMERY VILLAGE,2019,11,2019-11,680,694.0
6D,MONTGOMERY VILLAGE,2019,12,2019-12,626,638.0
6D,MONTGOMERY VILLAGE,2020,1,2020-01,661,676.0
6D,MONTGOMERY VILLAGE,2020,2,2020-02,634,651.0
6D,MONTGOMERY VILLAGE,2020,3,2020-03,618,635.0
6D,MONTGOMERY VILLAGE,2020,4,2020-04,443,457.0
6D,MONTGOMERY VILLAGE,2020,5,2020-05,476,491.0
6D,MONTGOMERY VILLAGE,2020,6,2020-06,564,581.0
6D,MONTGOMERY VILLAGE,2020,7,2020-07,632,647.0
6D,MONTGOMERY VILLAGE,2020,8,2020-08,654,677.0
6D,MONTGOMERY VILLAGE,2020,9,2020-09,633,644.0
6D,MONTGOMERY VILLAGE,2020,10,2020-10,622,644.0
6D,MONTGOMERY VILLAGE,2020,11,2020-11,641,659.0
6D,MONTGOMERY VILLAGE,2020,12,2020-12,640,657.0
6D,MONTGOMERY VILLAGE,2021,1,2021-01,567,578.0
6D,MONTGOMERY VILLAGE,2021,2,2021-02,531,543.0
6D,MONTGOMERY VILLAGE,2021,3,2021-03,590,612.0
6D,MONTGOMERY VILLAGE,2021,4,2021-04,590,610.0
6D,MONTGOMERY VILLAGE,2021,5,2021-05,605,621.0
6D,MONTGOMERY VILLAGE,2021,6,2021-06,581,606.0
6D,MONTGOMERY VILLAGE,2021,7,2021-07,585,598.0
6D,MONTGOMERY VILLAGE,2021,8,2021-08,618,629.0
6D,MONTGOMERY VILLAGE,2021,9,2021-09,646,656.0
6D,MONTGOMERY VILLAGE,2021,10,2021-10,677,701.0
6D,MONTGOMERY VILLAGE,2021,11,2021-11,584,599.0
6D,MONTGOMERY VILLAGE,2021,12,2021-12,623,641.0
6D,MONTGOMERY VILLAGE,2022,1,2022-01,599,619.0
6D,MONTGOMERY VILLAGE,2022,2,2022-02,602,630.0
6D,MONTGOMERY VILLAGE,2022,3,2022-03,639,655.0
6D,MONTGOMERY VILLAGE,2022,4,2022-04,586,605.0
6D,MONTGOMERY VILLAGE,2022,5,2022-05,638,661.0
6D,MONTGOMERY VILLAGE,2022,6,2022-06,680,695.0
6D,MONTGOMERY VILLAGE,2022,7,2022-07,680,704.0
6D,MONTGOMERY VILLAGE,2022,8,2022-08,691,707.0
6D,MONTGOMERY VILLAGE,2022,9,2022-09,692,712.0
6D,MONTGOMERY VILLAGE,2022,10,2022-10,686,698.0
6D,MONTGOMERY VILLAGE,2022,11,2022-11,620,636.0
6D,MONTGOMERY VILLAGE,2022,12,2022-12,640,655.0
6D,MONTGOMERY VILLAGE,2023,1,2023-01,648,671.0
6D,MONTGOMERY VILLAGE,2023,2,2023-02,592,603.0
6D,MONTGOMERY VILLAGE,2023,3,2023-03,716,743.0
6D,MONTGOMERY VILLAGE,2023,4,2023-04,609,625.0
6D,MONTGOMERY VILLAGE,2023,5,2023-05,741,753.0
6D,MONTGOMERY VILLAGE,2023,6,2023-06,729,741.0
6D,MONTGOMERY VILLAGE,2023,7,2023-07,608,636.0
6D,MONTGOMERY VILLAGE,2023,8,2023-08,583,604.0
6D,MONTGOMERY VILLAGE,2023,9,2023-09,519,537.0
6D,MONTGOMERY VILLAGE,2023,10,2023-10,683,705.0
6D,MONTGOMERY VILLAGE,2023,11,2023-11,569,594.0
6D,MONTGOMERY VILLAGE,2023,12,2023-12,521,536.0
6D,MONTGOMERY VILLAGE,2024,1,2024-01,512,540.0
6D,MONTGOMERY VILLAGE,2024,2,2024-02,522,544.0
6D,MONTGOMERY VILLAGE,2024,3,2024-03,609,622.0
6D,MONTGOMERY VILLAGE,2024,4,2024-04,588,602.0
6D,MONTGOMERY VILLAGE,2024,5,2024-05,663,688.0
6D,MONTGOMERY VILLAGE,2024,6,2024-06,607,635.0
6D,MONTGOMERY VILLAGE,2024,7,2024-07,648,659.0
6D,MONTGOMERY VILLAGE,2024,8,2024-08,631,643.0
6D,MONTGOMERY VILLAGE,2024,9,2024-09,707,733.0
6D,MONTGOMERY VILLAGE,2024,10,2024-10,635,653.0
6D,MONTGOMERY VILLAGE,2024,11,2024-11,590,605.0
6D,MONTGOMERY VILLAGE,2024,12,2024-12,556,566.0
6D,MONTGOMERY VILLAGE,2025,1,2025-01,565,575.0
6D,MONTGOMERY VILLAGE,2025,2,2025-02,472,481.0
6D,MONTGOMERY VILLAGE,2025,3,2025-03,550,575.0
6D,MONTGOMERY VILLAGE,2025,4,2025-04,571,585.0
6D,MONTGOMERY VILLAGE,2025,5,2025-05,677,699.0
6D,MONTGOMERY VILLAGE,2025,6,2025-06,602,612.0
6D,MONTGOMERY VILLAGE,2025,7,2025-07,580,591.0
6D,MONTGOMERY VILLAGE,2025,8,2025-08,590,602.0
6D,MONTGOMERY VILLAGE,2025,9,2025-09,564,588.0
6D,MONTGOMERY VILLAGE,2025,10,2025-10,605,620.0
6D,MONTGOMERY VILLAGE,2025,11,2025-11,537,559.0
6D,MONTGOMERY VILLAGE,2025,12,2025-12,494,513.0
6D,MONTGOMERY VILLAGE,2026,1,2026-01,500,511.0
6D,MONTGOMERY VILLAGE,2026,2,2026-02,529,536.0
6D,MONTGOMERY VILLAGE,2026,3,2026-03,538,554.0
6D,MONTGOMERY VILLAGE,2026,4,2026-04,489,501.0
6D,MONTGOMERY VILLAGE,2026,5,2026-05,551,572.0
6D,MONTGOMERY VILLAGE,2026,6,2026-06,512,529.0
6D,MONTGOMERY VILLAGE,2026,7,2026-07,84,85.0
TPPD,TAKOMA PARK,2016,7,2016-07,70,70.0
TPPD,TAKOMA PARK,2016,8,2016-08,63,63.0
TPPD,TAKOMA PARK,2016,9,2016-09,60,62.0
TPPD,TAKOMA PARK,2016,10,2016-10,55,55.0
TPPD,TAKOMA PARK,2016,11,2016-11,57,57.0
TPPD,TAKOMA PARK,2016,12,2016-12,73,73.0
TPPD,TAKOMA PARK,2017,1,2017-01,80,81.0
TPPD,TAKOMA PARK,2017,2,2017-02,58,58.0
TPPD,TAKOMA PARK,2017,3,2017-03,66,66.0
TPPD,TAKOMA PARK,2017,4,2017-04,121,121.0
TPPD,TAKOMA PARK,2017,5,2017-05,120,120.0
TPPD,TAKOMA PARK,2017,6,2017-06,116,117.0
TPPD,TAKOMA PARK,2017,7,2017-07,97,97.0
TPPD,TAKOMA PARK,2017,8,2017-08,132,132.0
TPPD,TAKOMA PARK,2017,9,2017-09,114,114.0
TPPD,TAKOMA PARK,2017,10,2017-10,109,109.0
TPPD,TAKOMA PARK,2017,11,2017-11,111,112.0
TPPD,TAKOMA PARK,2017,12,2017-12,105,106.0
TPPD,TAKOMA PARK,2018,1,2018-01,101,102.0
TPPD,TAKOMA PARK,2018,2,2018-02,103,107.0
TPPD,TAKOMA PARK,2018,3,2018-03,128,128.0
TPPD,TAKOMA PARK,2018,4,2018-04,103,103.0
TPPD,TAKOMA PARK,2018,5,2018-05,113,113.0
TPPD,TAKOMA PARK,2018,6,2018-06,127,128.0
TPPD,TAKOMA PARK,2018,7,2018-07,85,86.0
TPPD,TAKOMA PARK,2018,8,2018-08,96,96.0
TPPD,TAKOMA PARK,2018,9,2018-09,77,79.0
TPPD,TAKOMA PARK,2018,10,2018-10,105,105.0
TPPD,TAKOMA PARK,2018,11,2018-11,106,108.0
TPPD,TAKOMA PARK,2018,12,2018-12,115,115.0
TPPD,TAKOMA PARK,2019,1,2019-01,94,94.0
TPPD,TAKOMA PARK,2019,2,2019-02,80,81.0
TPPD,TAKOMA PARK,2019,3,2019-03,111,112.0
TPPD,TAKOMA PARK,2019,4,2019-04,118,121.0
TPPD,TAKOMA PARK,2019,5,2019-05,146,147.0
TPPD,TAKOMA PARK,2019,6,2019-06,103,106.0
TPPD,TAKOMA PARK,2019,7,2019-07,89,90.0
TPPD,TAKOMA PARK,2019,8,2019-08,136,138.0
TPPD,TAKOMA PARK,2019,9,2019-09,95,96.0
TPPD,TAKOMA PARK,2019,10,2019-10,124,126.0
TPPD,TAKOMA PARK,2019,11,2019-11,105,107.0
TPPD,TAKOMA PARK,2019,12,2019-12,103,104.0
TPPD,TAKOMA PARK,2020,1,2020-01,131,134.0
TPPD,TAKOMA PARK,2020,2,2020-02,115,115.0
TPPD,TAKOMA PARK,2020,3,2020-03,103,104.0
TPPD,TAKOMA PARK,2020,4,2020-04,77,77.0
TPPD,TAKOMA PARK,2020,5,2020-05,97,97.0
TPPD,TAKOMA PARK,2020,6,2020-06,88,88.0
TPPD,TAKOMA PARK,2020,7,2020-07,94,94.0
TPPD,TAKOMA PARK,2020,8,2020-08,110,111.0
TPPD,TAKOMA PARK,2020,9,2020-09,99,99.0
TPPD,TAKOMA PARK,2020,10,2020-10,83,85.0
TPPD,TAKOMA PARK,2020,11,2020-11,87,87.0
TPPD,TAKOMA PARK,2020,12,2020-12,92,92.0
TPPD,TAKOMA PARK,2021,1,2021-01,89,90.0
TPPD,TAKOMA PARK,2021,2,2021-02,100,103.0
TPPD,TAKOMA PARK,2021,3,2021-03,120,122.0
TPPD,TAKOMA PARK,2021,4,2021-04,98,100.0
TPPD,TAKOMA PARK,2021,5,2021-05,101,104.0
TPPD,TAKOMA PARK,2021,6,2021-06,102,102.0
TPPD,TAKOMA PARK,2021,7,2021-07,100,100.0
TPPD,TAKOMA PARK,2021,8,2021-08,89,92.0
TPPD,TAKOMA PARK,2021,9,2021-09,87,87.0
TPPD,TAKOMA PARK,2021,10,2021-10,104,104.0
TPPD,TAKOMA PARK,2021,11,2021-11,80,83.0
TPPD,TAKOMA PARK,2021,12,2021-12,93,94.0
TPPD,TAKOMA PARK,2022,1,2022-01,76,76.0
TPPD,TAKOMA PARK,2022,2,2022-02,88,91.0
TPPD,TAKOMA PARK,2022,3,2022-03,113,114.0
TPPD,TAKOMA PARK,2022,4,2022-04,105,106.0
TPPD,TAKOMA PARK,2022,5,2022-05,113,114.0
TPPD,TAKOMA PARK,2022,6,2022-06,123,123.0
TPPD,TAKOMA PARK,2022,7,2022-07,110,112.0
TPPD,TAKOMA PARK,2022,8,2022-08,109,109.0
TPPD,TAKOMA PARK,2022,9,2022-09,118,121.0
TPPD,TAKOMA PARK,2022,10,2022-10,107,109.0
TPPD,TAKOMA PARK,2022,11,2022-11,128,128.0
TPPD,TAKOMA PARK,2022,12,2022-12,118,118.0
TPPD,TAKOMA PARK,2023,1,2023-01,143,144.0
TPPD,TAKOMA PARK,2023,2,2023-02,137,137.0
TPPD,TAKOMA PARK,2023,3,2023-03,163,163.0
TPPD,TAKOMA PARK,2023,4,2023-04,131,132.0
TPPD,TAKOMA PARK,2023,5,2023-05,111,111.0
TPPD,TAKOMA PARK,2023,6,2023-06,135,136.0
TPPD,TAKOMA PARK,2023,7,2023-07,112,113.0
TPPD,TAKOMA PARK,2023,8,2023-08,138,138.0
TPPD,TAKOMA PARK,2023,9,2023-09,92,94.0
TPPD,TAKOMA PARK,2023,10,2023-10,122,122.0
TPPD,TAKOMA PARK,2023,11,2023-11,147,148.0
TPPD,TAKOMA PARK,2023,12,2023-12,88,88.0
TPPD,TAKOMA PARK,2024,1,2024-01,127,127.0
TPPD,TAKOMA PARK,2024,2,2024-02,185,185.0
TPPD,TAKOMA PARK,2024,3,2024-03,193,194.0
TPPD,TAKOMA PARK,2024,4,2024-04,170,170.0
TPPD,TAKOMA PARK,2024,5,2024-05,222,224.0
TPPD,TAKOMA PARK,2024,6,2024-06,170,171.0
TPPD,TAKOMA PARK,2024,7,2024-07,236,238.0
TPPD,TAKOMA PARK,2024,8,2024-08,172,174.0
TPPD,TAKOMA PARK,2024,9,2024-09,96,97.0
TPPD,TAKOMA PARK,2024,10,2024-10,126,128.0
TPPD,TAKOMA PARK,2024,11,2024-11,89,89.0
TPPD,TAKOMA PARK,2024,12,2024-12,77,78.0
TPPD,TAKOMA PARK,2025,1,2025-01,74,74.0
TPPD,TAKOMA PARK,2025,2,2025-02,74,75.0
TPPD,TAKOMA PARK,2025,3,2025-03,124,126.0
TPPD,TAKOMA PARK,2025,4,2025-04,91,91.0
TPPD,TAKOMA PARK,2025,5,2025-05,108,108.0
TPPD,TAKOMA PARK,2025,6,2025-06,110,110.0
TPPD,TAKOMA PARK,2025,7,2025-07,104,105.0
TPPD,TAKOMA PARK,2025,8,2025-08,109,109.0
TPPD,TAKOMA PARK,2025,9,2025-09,87,87.0
TPPD,TAKOMA PARK,2025,10,2025-10,99,99.0
TPPD,TAKOMA PARK,2025,11,2025-11,97,97.0
TPPD,TAKOMA PARK,2025,12,2025-12,100,101.0
TPPD,TAKOMA PARK,2026,1,2026-01,69,72.0
TPPD,TAKOMA PARK,2026,2,2026-02,90,90.0
TPPD,TAKOMA PARK,2026,3,2026-03,87,88.0
TPPD,TAKOMA PARK,2026,4,2026-04,64,65.0
TPPD,TAKOMA PARK,2026,5,2026-05,85,87.0
TPPD,TAKOMA PARK,2026,6,2026-06,68,69.0
TPPD,TAKOMA PARK,2026,7,2026-07,13,13.0
Unkn,<NA>,2016,7,2016-07,7,8.0
Unkn,<NA>,2016,8,2016-08,5,5.0
Unkn,<NA>,2016,9,2016-09,2,2.0
Unkn,<NA>,2016,10,2016-10,3,3.0
Unkn,<NA>,2016,11,2016-11,3,3.0
Unkn,<NA>,2017,8,2017-08,1,1.0
Unkn,<NA>,2017,11,2017-11,1,1.0
Unkn,<NA>,2018,5,2018-05,1,1.0
Unkn,<NA>,2018,10,2018-10,1,1.0
Unkn,<NA>,2018,12,2018-12,3,3.0
Unkn,<NA>,2019,1,2019-01,5,5.0
Unkn,<NA>,2019,2,2019-02,2,2.0
Unkn,<NA>,2019,3,2019-03,6,6.0
Unkn,<NA>,2019,4,2019-04,1,1.0
Unkn,<NA>,2019,5,2019-05,6,6.0
Unkn,<NA>,2019,6,2019-06,4,4.0
Unkn,<NA>,2019,7,2019-07,6,6.0
Unkn,<NA>,2019,8,2019-08,8,9.0
Unkn,<NA>,2019,9,2019-09,3,3.0
Unkn,<NA>,2019,10,2019-10,4,4.0
Unkn,<NA>,2019,11,2019-11,1,1.0
Unkn,<NA>,2019,12,2019-12,1,1.0
Unkn,<NA>,2020,1,2020-01,4,4.0
Unkn,<NA>,2020,2,2020-02,2,2.0
Unkn,<NA>,2020,3,2020-03,19,19.0
Unkn,<NA>,2020,4,2020-04,1,1.0
Unkn,<NA>,2020,5,2020-05,3,3.0
Unkn,<NA>,2020,6,2020-06,2,2.0
Unkn,<NA>,2020,7,2020-07,3,3.0
Unkn,<NA>,2020,8,2020-08,8,8.0
Unkn,<NA>,2020,9,2020-09,3,3.0
Unkn,<NA>,2020,10,2020-10,2,2.0
Unkn,<NA>,2020,11,2020-11,2,2.0
Unkn,<NA>,2020,12,2020-12,3,3.0
Unkn,<NA>,2021,1,2021-01,6,6.0
Unkn,<NA>,2021,2,2021-02,2,2.0
Unkn,<NA>,2021,3,2021-03,3,3.0
Unkn,<NA>,2021,4,2021-04,5,5.0
Unkn,<NA>,2021,5,2021-05,2,2.0
Unkn,<NA>,2021,6,2021-06,3,5.0
Unkn,<NA>,2021,7,2021-07,12,12.0
Unkn,<NA>,2021,8,2021-08,2,2.0
Unkn,<NA>,2021,9,2021-09,4,4.0
Unkn,<NA>,2021,10,2021-10,1,1.0
Unkn,<NA>,2021,11,2021-11,4,4.0
Unkn,<NA>,2021,12,2021-12,3,3.0
Unkn,<NA>,2022,1,2022-01,5,5.0
Unkn,<NA>,2022,2,2022-02,3,3.0
Unkn,<NA>,2022,3,2022-03,3,3.0
Unkn,<NA>,2022,4,2022-04,7,7.0
Unkn,<NA>,2022,5,2022-05,125,129.0
Unkn,<NA>,2022,6,2022-06,1,1.0
Unkn,<NA>,2022,7,2022-07,4,4.0
Unkn,<NA>,2022,8,2022-08,5,5.0
Unkn,<NA>,2022,10,2022-10,3,3.0
Unkn,<NA>,2022,11,2022-11,2,2.0
Unkn,<NA>,2022,12,2022-12,5,5.0
Unkn,<NA>,2023,1,2023-01,3,3.0
Unkn,<NA>,2023,2,2023-02,2,2.0
Unkn,<NA>,2023,3,2023-03,1,1.0
Unkn,<NA>,2023,4,2023-04,1,1.0
Unkn,<NA>,2023,5,2023-05,5,5.0
Unkn,<NA>,2023,6,2023-06,5,5.0
Unkn,<NA>,2023,7,2023-07,4,4.0
Unkn,<NA>,2023,8,2023-08,5,5.0
Unkn,<NA>,2023,9,2023-09,180,186.0
Unkn,<NA>,2023,10,2023-10,9,9.0
Unkn,<NA>,2023,11,2023-11,2,2.0
Unkn,<NA>,2023,12,2023-12,7,7.0
Unkn,<NA>,2024,1,2024-01,8,8.0
Unkn,<NA>,2024,2,2024-02,17,17.0
Unkn,<NA>,2024,3,2024-03,10,11.0
Unkn,<NA>,2024,4,2024-04,14,14.0
Unkn,<NA>,2024,5,2024-05,5,5.0
Unkn,<NA>,2024,6,2024-06,21,21.0
Unkn,<NA>,2024,7,2024-07,28,28.0
Unkn,<NA>,2024,8,2024-08,23,23.0
Unkn,<NA>,2024,9,2024-09,12,12.0
Unkn,<NA>,2024,10,2024-10,19,19.0
Unkn,<NA>,2024,11,2024-11,120,122.0
Unkn,<NA>,2024,12,2024-12,89,89.0
Unkn,<NA>,2025,1,2025-01,22,22.0
Unkn,<NA>,2025,2,2025-02,31,31.0
Unkn,<NA>,2025,3,2025-03,121,121.0
Unkn,<NA>,2025,4,2025-04,8,8.0
Unkn,<NA>,2025,5,2025-05,25,25.0
Unkn,<NA>,2025,6,2025-06,4,4.0
Unkn,<NA>,2025,7,2025-07,41,43.0
Unkn,<NA>,2025,8,2025-08,13,13.0
Unkn,<NA>,2025,9,2025-09,18,18.0
Unkn,<NA>,2025,10,2025-10,6,6.0
Unkn,<NA>,2025,11,2025-11,8,8.0
Unkn,<NA>,2025,12,2025-12,12,12.0
Unkn,<NA>,2026,1,2026-01,13,15.0
Unkn,<NA>,2026,2,2026-02,6,6.0
Unkn,<NA>,2026,3,2026-03,9,9.0
Unkn,<NA>,2026,4,2026-04,9,10.0
Unkn,<NA>,2026,5,2026-05,8,9.0
Unkn,<NA>,2026,6,2026-06,9,10.0
Unkn,<NA>,2026,7,2026-07,1,1.0
